{"cameraMode":{"drawMode":0,"name":"Shaded","section":"Shading Mode"},"sceneLighting":true,"audioPlay":false,"sceneViewState":{"m_AlwaysRefresh":false,"showFog":true,"showSkybox":true,"showFlares":true,"showImageEffects":true,"showParticleSystems":true,"showVisualEffectGraphs":true,"m_FxEnabled":true},"in2DMode":false,"pivot":{"x":0.40454477071762087,"y":0.45582953095436098,"z":-1.48081374168396},"rotation":{"x":0.0006574814906343818,"y":0.9986168146133423,"z":-0.050973691046237949,"w":0.012880757451057434},"size":4.40712308883667,"orthographic":false}