{"cameraMode":{"drawMode":0,"name":"Shaded","section":"Shading Mode"},"sceneLighting":true,"audioPlay":false,"sceneViewState":{"m_AlwaysRefresh":false,"showFog":true,"showSkybox":true,"showFlares":true,"showImageEffects":true,"showParticleSystems":true,"showVisualEffectGraphs":true,"m_FxEnabled":true},"in2DMode":false,"pivot":{"x":0.7020626068115234,"y":0.8753662109375,"z":0.36000001430511477},"rotation":{"x":0.0006574814906343818,"y":0.9986168146133423,"z":-0.050973691046237949,"w":0.012880757451057434},"size":0.5913856029510498,"orthographic":false}